SKU,Brand,Item Type,Size,Purchase Price (€),Title,Low Resale ($USD),High Resale ($USD),Era,Notes,Match Status,QA Listing 1 Title,QA Listing 1,QA Listing 2 Title,QA Listing 2,Photo URL
AM-CAM-0079,Just Cavalli,Blouse / Camisole Top,XS,25,2000s Just Cavalli Silk / Viscose Blend Top,87,150,2000s,,No exact Just Cavalli visual match found — needs manual QA,,,,,https://h.uguu.se/GMwzxHeP.jpg
AM-MAG-0012,Just Cavalli,T-Shirt / Top,L,30,2000s Just Cavalli Cotton Jersey Top,105,180,2000s,,Found 1 Cavalli visual matches,Just Cavalli Crop Top for Women - Sale in USA | The Luxury ...,https://theluxurycloset.com/us-en/women/womens-clothes/tops/crop-top/brand-just-cavalli,,,https://d.uguu.se/NHOUMLYL.jpg
AM-MAG-0003,Just Cavalli,T-Shirt / Top,L,50,2000s Just Cavalli Cotton Jersey Top,175,300,2000s,,Found 1 Cavalli visual matches,Roberto Cavalli 2003 psychedelic print camisole cardigan set ...,https://www.1stdibs.com/fashion/clothing/suits-outfits-ensembles/roberto-cavalli-2003-psychedelic-print-camisole-cardigan-set/id-v_22858262/,,,https://n.uguu.se/ZENkpXVJ.jpg
AM-CAM-0121,Just Cavalli,Blouse / Camisole Top,S,35,2000s Just Cavalli Silk / Viscose Blend Beige Embellished Top,260,260,2000s,,Found 2 Cavalli visual matches,Roberto Cavalli | Tops | Roberto Cavalli Nude Beige Crystals ...,https://poshmark.com/listing/Roberto-Cavalli-Nude-Beige-Crystals-Embellished-Stretch-Sleeveless-Top-size-S-62f9ebe9c5df6c16eab8eeb0,Roberto Cavalli Nude Beige Crystals Embellished Stretch ...,https://in.pinterest.com/pin/367817494587931068/,https://n.uguu.se/EeSXQBRG.jpg
AM-MAG-0010,Just Cavalli,T-Shirt / Top,M,40,2000s Just Cavalli Cotton Jersey Zebra Print Top,140,240,2000s,,Found 2 Cavalli visual matches,NEW ROBERTO CAVALLI DRESS TOP white; blue; zebra print In ...,https://www.ebay.com/itm/201180524178,"Roberto Cavalli Sequined Dress, Heavily Beaded Faux Tiger ...",https://www.etsy.com/listing/1763340276/roberto-cavalli-sequined-dress-heavily,https://h.uguu.se/rjoTlZjv.jpg
AM-CAM-0130,Just Cavalli,Blouse / Camisole Top,XS,30,2000s Just Cavalli Silk / Viscose Blend Floral Print Top,560,1450,2000s,,Found 6 Cavalli visual matches,Rare Vintage S/S 2003 Roberto Cavalli Feather Print Blouse ...,https://www.etsy.com/il-en/listing/4319966183/rare-vintage-ss-2003-roberto-cavalli,Printed mesh top in multicoloured - Roberto Cavalli | Mytheresa,https://www.mytheresa.com/us/en/women/roberto-cavalli-printed-mesh-top-multicoloured-p01173496,https://n.uguu.se/PcAeBwtu.jpg
AM-CAM-0132,Just Cavalli,Blouse / Camisole Top,L,35,2000s Just Cavalli Silk / Viscose Blend Top,122,210,2000s,,No exact Just Cavalli visual match found — needs manual QA,,,,,https://h.uguu.se/MSyWtJli.jpg
AM-CAM-0134,Class Roberto Cavalli,Blouse / Camisole Top,XL,40,2000s Class Roberto Cavalli Silk / Viscose Blend Top,140,240,2000s,,No exact Class Roberto Cavalli visual match found — needs manual QA,,,,,https://n.uguu.se/BJRhqAys.jpg
AM-MAG-0007,Roberto Cavalli Freedom,T-Shirt / Top,L,55,2000s Roberto Cavalli Freedom Cotton Jersey Top,192,330,2000s,,No exact Roberto Cavalli Freedom visual match found — needs manual QA,,,,,https://n.uguu.se/gwlwhmDp.jpg
AM-MAG-0009,Roberto Cavalli,T-Shirt / Top,M,60,2000 SS Runway Roberto Cavalli Top,210,360,2000s (Runway),Roberto Cavalli Runway Spring / Summer 2000,Found 1 Cavalli visual matches,Vintage 2000s roberto cavalli - Gem,https://gem.app/search?terms=Vintage 2000s roberto cavalli,,,https://d.uguu.se/cNjgqPSZ.jpg
AM-CAM-0137,Just Cavalli,Garment,M,50,2000s Just Cavalli Cotton Blend Black Garment,495,495,2000s,,Found 8 Cavalli visual matches,Roberto Cavalli patchwork print longsleeve runway top ...,https://www.ebay.com/itm/176814441873,Roberto Cavalli | Tops | Sold Not Available Roberto Cavalli ...,https://poshmark.com/listing/Sold-not-available-Roberto-Cavalli-silk-authentic-vintage-creamleopard-blouse-6533241681078ad0b818dcfd,https://h.uguu.se/RvuyYdnp.jpg
AM-CAM-0061,Just Cavalli,Blouse / Camisole Top,L,40,2000s Just Cavalli Silk / Viscose Blend Brown Top,140,240,2000s,Composition label cut,Found 1 Cavalli visual matches,"Roberto Cavalli Vintage 1999 Top - Brown Tops, Clothing ...",https://www.therealreal.com/products/women/clothing/tops/roberto-cavalli-vintage-1999-top-ryg0w,,,https://h.uguu.se/ooAGHjik.jpg
AM-CAM-0136,Just Cavalli,Garment,L,70,2000s Just Cavalli Cotton Blend Purple Flowers Garment,310,1116,2000s,100% silk top,Found 7 Cavalli visual matches,Γυναικείο top Just Cavalli TO6745 | Γυναίκα Ενδύματα tops ...,https://famouscloset.gr/γυναικα/ρουχα/tops-bodies/γυναικειο-top-just-cavalli_12049943bi,Tops Just cavalli Rosa talla 42 FR de en Seda - 70351496,https://es.vestiairecollective.com/mujer-ropa/tops/just-cavalli/partes-de-arriba-just-cavalli-de-seda-rosa-70351496.shtml,https://d.uguu.se/dYFrduAb.jpg
AM-CAM-0038,Just Cavalli,Blouse / Camisole Top,L,70,2000s Just Cavalli Silk / Viscose Blend Brown Floral Top,65,2650,2000s,,Found 15 Cavalli visual matches,Roberto Cavalli // Cream & Multi Colour Tank & Skirt Set ...,https://vspconsignment.com/products/roberto-cavalli-cream-multi-colour-tank-skirt-set-1-33554-186,Vintage Roberto Cavalli S/S 2002 Cheetah Animal Print Floral ...,https://www.1stdibs.com/fashion/clothing/suits-outfits-ensembles/vintage-roberto-cavalli-s-s-2002-cheetah-animal-print-floral-top-skirt-set/id-v_27262602/,https://d.uguu.se/NVFgArqc.jpg
AM-MAG-0020,Roberto Cavalli,T-Shirt / Top,L,60,2000s Roberto Cavalli Cotton Jersey Snakeskin Top,84,950,2000s,,Found 8 Cavalli visual matches,Roberto Cavalli 1990s Runway Snakeskin Print Spaghetti Strap ...,https://www.1stdibs.com/fashion/clothing/shirts/roberto-cavalli-1990s-runway-snakeskin-print-spaghetti-strap-cami-top/id-v_27672762/,Roberto Cavalli Cotton Clothing for Women for sale | eBay,https://www.ebay.com/b/Roberto-Cavalli-Cotton-Clothing-for-Women/15724/bn_3981957,https://n.uguu.se/pAOBqZcD.jpg
AM-CAM-0015,Roberto Cavalli,Blouse / Camisole Top,S,60,1998 SS Runway Roberto Cavalli Top,210,360,2000s (Runway),Roberto Cavalli Runway Spring / Summer 1998,No exact Roberto Cavalli visual match found — needs manual QA,,,,,https://n.uguu.se/sFsmGmJo.jpg
AM-CAM-0013,Roberto Cavalli,Blouse / Camisole Top,S,70,2000s Roberto Cavalli Silk / Viscose Blend Top,245,420,2000s,,No exact Roberto Cavalli visual match found — needs manual QA,,,,,https://d.uguu.se/kwYplfNq.jpg
AM-MAG-0017,Roberto Cavalli,T-Shirt / Top,M,80,2000s Roberto Cavalli Cotton Jersey White Floral Top,350,2650,2000s,Spring/Summer Roberto Cavalli Linea Tattoo,Found 10 Cavalli visual matches,Roberto Cavalli Floral Tops for Women for sale | eBay,https://www.ebay.com/b/Roberto-Cavalli-Floral-Tops-for-Women/53159/bn_5215598,Rare roberto cavalli vintage - Gem,https://gem.app/search?terms=Rare roberto cavalli vintage,https://n.uguu.se/xdPvDccv.jpg
AM-CAM-0046,Class Roberto Cavalli,Blouse / Camisole Top,M,80,2000s Class Roberto Cavalli Silk / Viscose Blend Blue Floral Top,490,3500,2000s,,Found 10 Cavalli visual matches,Roberto Cavalli Floral Silk Corset Top – Treasures of NYC,https://treasuresofnewyorkcity.com/products/roberto-cavalli-floral-pattern-silk-corset-top,"Roberto Cavalli Vintage 2004 Top - Blue Tops, Clothing ...",https://www.therealreal.com/products/women/clothing/tops/roberto-cavalli-vintage-2004-top-utjaw,https://h.uguu.se/paJKXNVh.jpg
AM-CAM-0113,Roberto Cavalli,Blouse / Camisole Top,XS,100,2000s Roberto Cavalli Silk / Viscose Blend Tattoo Print Top,271,2388,2000s,Spring/Summer Collection Roberto Cavalli,Found 14 Cavalli visual matches,Cavalli Dragon - 2 For Sale on 1stDibs,https://www.1stdibs.com/buy/cavalli-dragon/,Roberto Cavalli Bustier Corset Tattoo Print Cotton Top Size S,https://us.vestiairecollective.com/women-clothing/tops/roberto-cavalli/beige-cotton-roberto-cavalli-top-56411041.shtml,https://h.uguu.se/eNyJAUVL.jpg
AM-CAM-0024,Roberto Cavalli,Blouse / Camisole Top,L,90,2000s Roberto Cavalli Silk / Viscose Blend Red Animal Print Top,75,1271,2000s,Roberto Cavalli Spring/Summer 2002,Found 33 Cavalli visual matches,Las mejores ofertas en Top de lana para mujer Roberto ...,https://py.ebay.com/b/Roberto-Cavalli-Wool-Tops-for-Women/53159/bn_6721140,Roberto Cavalli SS2002 Destroyed Leopard Jacket | TikTok,https://www.tiktok.com/@sachasapiens/video/7607900950950350102,https://h.uguu.se/FkBbrfbr.jpg
AM-MA-0004,Roberto Cavalli,Garment,L,120,2002 FW Runway Roberto Cavalli Black Garment,160,160,2000s (Runway),Roberto Cavalli Runway Fall / Winter 2002.,Found 4 Cavalli visual matches,Vintage 90s roberto cavalli - Gem,https://gem.app/search?terms=Vintage 90s roberto cavalli,Roberto Cavalli Vintage Late 1990's - Early 2000's Sw… - Gem,https://gem.app/product/roberto-cavalli-vintage-late-1990s-early-31721,https://d.uguu.se/vqDzqNnX.jpg
AM-VE-0194,Class Roberto Cavalli,Garment,M,85,2000s Class Roberto Cavalli Cotton Blend Brown Garment,297,510,2000s,A few pulled threads,Found 3 Cavalli visual matches,2000s Roberto Cavalli backless printed dress,https://elevated-archives.com/products/01-07-2026_roberto-cavalli_32,Roberto Cavalli - 2PC 3/4 Sleeve Cream and Brown Print Top ...,https://luxhave.com/products/robertocavallipinkandbrown2pcsettopandskirts,https://n.uguu.se/YHoOHRbt.jpg
AM-VE-0164,Just Cavalli,Garment,M,100,2000s Just Cavalli Cotton Blend Blue Floral Print Garment,250,8600,2000s,,Found 14 Cavalli visual matches,Vintage Just Cavalli orchid & lace dress °❀⋆.ೃ࿔*:・ Now ...,https://www.instagram.com/p/DXFWJOtkqw2/,Just Cavalli Women's Multi-Color 100% Silk Floral Print ...,https://www.ebay.com/itm/133861260149,https://d.uguu.se/vsllLOcx.jpg
AM-VE-0006,Just Cavalli,Garment,S,100,2000s Just Cavalli Cotton Blend Brown Tiger Garment,148,6500,2000s,,Found 16 Cavalli visual matches,"Just Cavalli Vintage Y2k Long Dress, Roberto Cavalli Tiger ...",https://www.etsy.com/listing/1307227275/just-cavalli-vintage-y2k-long-dress,"Just Cavalli Vintage Y2k Long Dress, Roberto Cavalli Tiger ...",https://www.etsy.com/ca/listing/1307227275/just-cavalli-vintage-y2k-long-dress,https://n.uguu.se/QTewxqrp.jpg
AM-GO-0055,Just Cavalli,Garment,S,40,2000s Just Cavalli Cotton Blend Garment,140,240,2000s,,Found 3 Cavalli visual matches,Mini skirts Just Cavalli | Vinted,https://www.vinted.com/catalog/198-minigonne/brand/20117-just-cavalli,Vintage Roberto Cavalli JUST CAVALLI Women's Side Slit Denim ...,https://www.ebay.com/itm/224465033362,https://h.uguu.se/qJctBXma.jpg
AM-GO-0031,Just Cavalli,Garment,M,40,2000s Just Cavalli Cotton Blend Blue Floral Garment,447,7273,2000s,Brand label missing,Found 10 Cavalli visual matches,Roberto Cavalli | Skirts | Roberto Cavalli Blue Leopard ...,https://poshmark.com/listing/ROBERTO-CAVALLI-Blue-Leopard-Print-Top-And-Skirt-64cb291dffb5d0db353ebab4,midi JUST CAVALLI Mujer | Compra Online en Micolet.com,https://www.micolet.com/faldas-midi/just-cavalli,https://d.uguu.se/EXzjJxLA.jpg
AM-GO-0059,Just Cavalli,Garment,L,50,2000s Just Cavalli Cotton Blend Green Snakeskin Garment,175,300,2000s,,Found 8 Cavalli visual matches,"Just Cavalli Y2K Snakeskin Print Green Skirt, 00s - Etsy",https://www.etsy.com/listing/4461217147/just-cavalli-y2k-snakeskin-print-green,Roberto Cavalli | Skirts | Roberto Cavalli Animal Print ...,https://poshmark.com/listing/Roberto-Cavalli-Animal-Print-Skirt-Size-46-6565552abd66cde36d4a97c3,https://n.uguu.se/wEPqavNH.jpg
AM-GO-0042,Just Cavalli,Garment,L,50,2000s Just Cavalli Cotton Blend Green Garment,58,58,2000s,,Found 3 Cavalli visual matches,Hair On Hide Baby Calfskin Leather (Cavallino) - Python ...,https://buyleatheronline.com/en/hair-on-hide-shearling-pony/603-7129-python-print-hair-on-hide-leather.html,Just Cavalli Mini skirt - green - (Pre-owned) - Zalando,https://en.zalando.de/just-cavalli-mini-skirt-green-zir01ks7j-001.html,https://h.uguu.se/DEhMegUV.jpg
AM-GO-0067,Just Cavalli,Garment,XS,60,2000s Just Cavalli Cotton Blend Zebra Print Garment,258,395,2000s,,Found 17 Cavalli visual matches,JUST CAVALLI Vintage Denim Zebra Print Pencil Skirt | eBay,https://www.ebay.com/itm/176345649016,Mid-length skirt Just Cavalli Multicolour size 40 IT in ...,https://us.vestiairecollective.com/women-clothing/skirts/just-cavalli/multicolour-cotton-just-cavalli-skirt-33510818.shtml,https://h.uguu.se/rpiFkuyE.jpg
AM-GO-0018,Roberto Cavalli,Garment,M,65,2000s Roberto Cavalli Cotton Blend Garment,227,390,2000s,Material 100% silk,No exact Roberto Cavalli visual match found — needs manual QA,,,,,https://d.uguu.se/aNXaUhvM.jpg
AM-GO-0064,Just Cavalli,Garment,XL,70,2000s Just Cavalli Cotton Blend Zebra Print Garment,395,500,2000s,Also fits size M low-waisted,Found 5 Cavalli visual matches,Just Cavalli by Roberto Cavalli Mini-Skirt - Blue/White ...,https://www.garmentory.com/sale/just-cavalli/skirts-short/1600858-just-cavalli-by-roberto-cavalli-white-tiger-print-mini-skirt,Just Cavalli Mid-Rise Zebra Print Denim Skirt – Yabang,https://www.yabangbcn.com/products/just-cavalli-mid-rise-zebra-print-denim-skirt,https://h.uguu.se/PDTcBFwk.jpg
AM-GO-0011,Just Cavalli,Garment,XL,60,2000s Just Cavalli Cotton Blend Pink Garment,440,490,2000s,,Found 3 Cavalli visual matches,Roberto Cavalli Pink Print Skirt – Treasures of NYC,https://treasuresofnewyorkcity.com/products/roberto-cavalli-pink-print-skirt,Cavalli® Women's Designer Skirts | Roberto Cavalli®,https://www.robertocavalli.com/en-qa/women/ready-to-wear/skirts/,https://d.uguu.se/UYanALMU.jpg
AM-GO-0060,Class Roberto Cavalli,Garment,S,85,2000s Class Roberto Cavalli Cotton Blend Garment,297,510,2000s,,Found 1 Cavalli visual matches,Roberto Cavalli SS 2003 Swan Fishtail Maxi Skirt,https://isleofmonday.com/products/roberto-cavalli-ss-2003-swan-fishtail-maxi-skirt,,,https://h.uguu.se/EuMLKPlZ.jpg
AM-GO-0048,Class Roberto Cavalli,Garment,M,85,2000s Class Roberto Cavalli Cotton Blend Pink Garment,297,510,2000s,It has a few pulled threads and two very small,Found 1 Cavalli visual matches,Cavalli Jeans Pink & Orange Stretch Maxi Dress – Known Source,https://knownsource.co.uk/en-au/products/cavalli-jeans-pink-orange-stretch-maxi-dress,,,https://d.uguu.se/RDYRUNOd.jpg
AM-GO-0053,Roberto Cavalli,Garment,M,240,2001 SS Runway Roberto Cavalli Blue Snake Print Garment,660,1412,2000s (Runway),Roberto Cavalli Runway Spring / Summer 2001,Found 21 Cavalli visual matches,Gonna vintage Cavalli in denim tg S – Apotheke vintage,https://apothekevintageclothing.com/products/gonna-vintage-cavalli-in-denim-tg,Maxi skirt Roberto Cavalli Blue size 40 FR in Denim - Jeans ...,https://www.vestiairecollective.com/women-clothing/skirts/roberto-cavalli/blue-denim-jeans-roberto-cavalli-skirt-44586233.shtml,https://n.uguu.se/GpwZvnrH.jpg
AM-PA-0062,Just Cavalli,Garment,L,70,2000s Just Cavalli Cotton Blend White Floral Garment,245,420,2000s,Small hole on the back of the left leg near the,Found 6 Cavalli visual matches,Just Cavalli Neon Floral Jeans (XS) – Holy Thrift,https://holythrift.com/products/roberto-cavalli-snakeskin-jeans-m-copy,JUST CAVALLI Желтые полиамидовые брюки широкие для женщин ...,https://oskelly.ru/products/bryuki-shirokie-just-cavalli-pre-owned-5084095,https://h.uguu.se/eHvvpqfP.jpg
AM-PA-0037,Just Cavalli,Garment,M,80,2000s Just Cavalli Cotton Blend Garment,180,180,2000s,,Found 1 Cavalli visual matches,BNWT Mens Just Cavalli Designers Straight Jeans size 42 56 ...,https://www.ebay.com/itm/395312864271,,,https://n.uguu.se/KgCJcCAK.jpg
AM-PA-0038,Just Cavalli,Garment,S,80,2000s Just Cavalli Cotton Blend Blue Garment,280,480,2000s,,Found 10 Cavalli visual matches,Roberto Cavalli Marble-Print Straight-Leg Jeans In Blue - 61 ...,https://editorialist.com/p/roberto-cavalli-marble-print-straight-leg-jeans/?pla=true&size=40,Just Cavalli Blue Denim Tie-Dye Jeans Size 36 FR,https://us.vestiairecollective.com/women-clothing/jeans/just-cavalli/blue-denim-jeans-just-cavalli-jeans-56520503.shtml,https://h.uguu.se/fatoUPXy.jpg
AM-PA-0011,Just Cavalli,Garment,S,85,2000s Just Cavalli Cotton Blend Black Floral Garment,1195,1550,2000s,,Found 32 Cavalli visual matches,vintage 90s cavalli jeans - Gem,https://gem.app/collection/vintage-90s-cavalli-jeans,2000s Cavalli Cream Floral Fantasy Pants – Dolce Vita Hub,https://dolcevitahub.com/fr/products/2000s-cavalli-cream-floral-fantasy-pants,https://d.uguu.se/NgFRkYnK.jpg
AM-PA-0059,Just Cavalli,Garment,M,90,2000s Just Cavalli Cotton Blend Abstract Garment,250,1550,2000s,,Found 21 Cavalli visual matches,Just Cavalli Jeans products for sale | eBay,https://www.ebay.com/b/Just-Cavalli-Jeans/bn_7006296033,Vintage ROBERTO CAVALLI Pants Trousers Printed City Abstract ...,https://www.ebay.com/itm/405235808511,https://n.uguu.se/fvuBuVcn.jpg
AM-PA-0058,Roberto Cavalli,Garment,XS,90,2000s Roberto Cavalli Cotton Blend Pink Garment,315,540,2000s,Fits size S-M as the fabric is slightly stretchy,Found 5 Cavalli visual matches,2000s Just Cavalli Pink Denim Low-Waist Jeans – Dolce Vita Hub,https://dolcevitahub.com/products/2000s-just-cavalli-pink-denim-low-waist-jeans?variant=55288047698262,Roberto Cavalli ROBERTO CAVALLI JEANS OG VINTAGE LOGO PINK ...,https://www.grailed.com/listings/58496003-roberto-cavalli-roberto-cavalli-jeans-og-vintage-logo-pink-pants-132,https://d.uguu.se/bDegQkYN.jpg
AM-PA-0035,Just Cavalli,Garment,M,90,2000s Just Cavalli Cotton Blend Floral Garment,237,420,2000s,,Found 18 Cavalli visual matches,Just Cavalli By Roberto Cavalli Equestrian Print Jeans,https://arcadeshops.com/products/just-cavalli-by-roberto-cavalli-hunting-print-jeans,Vintage ROBERTO CAVALLI Jeans Pants Trousers Denim ...,https://www.ebay.com/itm/403861949728,https://d.uguu.se/LCPOodmR.jpg
AM-PA-0060,Roberto Cavalli,Garment,M,95,2000s Roberto Cavalli Cotton Blend Black Garment,310,310,2000s,,Found 17 Cavalli visual matches,Vaqueros Roberto Cavalli con strass Swarovski azules Algodón ...,https://www.jolicloset.com/es/marcas-mujer/roberto-cavalli/ropa-mujer/vaqueros/vaqueros-roberto-cavalli-con-strass-swarovski-azules--1956392,Roberto Cavalli vintage jeans with animal pattern of ...,https://www.1stdibs.com/fashion/clothing/pants/roberto-cavalli-vintage-jeans-animal-pattern-leopards-tigers/id-v_29009332/,https://h.uguu.se/QZtLLUed.jpg
AM-PA-0030,Roberto Cavalli,Jeans / Denim Pants,S,110,2000s Roberto Cavalli Cotton Denim / Jacquard Purple Jeans,218,998,2000s,,Found 42 Cavalli visual matches,Vintage ROBERTO CAVALLI Jeans Pants Denim Trousers Sky ...,https://www.ebay.com/itm/403862037799,90s Womens ROBERTO CAVALLI Jeans Pants Denim Trousers Sky ...,https://www.ebay.com/itm/405868022661,https://n.uguu.se/tePsHJEE.jpg
AM-PA-0036,Roberto Cavalli,Jeans / Denim Pants,M,110,2000s Roberto Cavalli Cotton Denim / Jacquard Blue Jeans,218,585,2000s,,Found 20 Cavalli visual matches,90s Cavalli Blue Purple Green Silver Sparkle Tie Dye Stretch ...,https://www.etsy.com/fi-en/listing/1366120088/90s-cavalli-blue-purple-green-silver,90s Womens ROBERTO CAVALLI Jeans Pants Denim Trousers Sky ...,https://www.ebay.com/itm/405868022661,https://n.uguu.se/gYXjmAMU.jpg
AM-PA-0012,Roberto Cavalli,Garment,M,120,2002 FW Runway Roberto Cavalli Blue Garment,650,750,2000s (Runway),Roberto Cavalli Runway Fall 2002,Found 6 Cavalli visual matches,Roberto Cavalli Vintage Women Blue Leather Embroidery Denim ...,https://www.ebay.com/itm/165922107062,"Roberto Cavalli Vintage Straight Leg Jeans - 7.75"" Rise ...",https://www.therealreal.com/products/women/clothing/jeans/roberto-cavalli-vintage-straight-leg-jeans-o6d7x,https://n.uguu.se/wlwYowlM.jpg
AM-PA-0009,Roberto Cavalli,Garment,S,135,2000 SS Runway Roberto Cavalli Garment,472,810,2000s (Runway),Roberto Cavalli Runway Spring / Summer 2000,Found 1 Cavalli visual matches,Just Cavalli NWT High Rise Crop Jean Archive Print Sz.26 ...,https://www.ebay.com/itm/357675125214,,,https://d.uguu.se/cnCnLnMO.jpg
AM-PA-0064,Just Cavalli,Garment,M,160,2000s Just Cavalli Cotton Blend Gold Zebra Garment,288,425,2000s,,Found 20 Cavalli visual matches,Roberto Cavalli Just Cavalli SS 2002 Psychedelic Contrast ...,https://www.intoarchive.com/products/roberto-cavalli-just-cavalli-ss-2002-psychedelic-contrast-print-pants,Roberto Cavalli vintage jeans Fast shipping! In... - Depop,https://www.pinterest.com/pin/roberto-cavalli-zebra-print-vintage-jeans--9992430417591930/,https://h.uguu.se/iwMKJqXt.jpg
AM-PA-0063,Roberto Cavalli,Garment,S,170,2002 FW Runway Roberto Cavalli Garment,595,1020,2000s (Runway),Roberto Cavalli Runway Fall 2002,Found 1 Cavalli visual matches,Roberto Cavalli print jeans - Gem,https://gem.app/collection/roberto-cavalli-print-jeans,,,https://h.uguu.se/uLuHAadj.jpg
AM-PA-0057,Roberto Cavalli,Garment,XL,200,2002 FW Runway Roberto Cavalli Garment,395,606,2000s (Runway),Roberto Cavalli Runway Fall / Winter 2002. The,Found 35 Cavalli visual matches,Roberto Cavalli Early 2000's Multi Patchwork Print Mid Rise ...,https://www.pinterest.com/pin/roberto-cavalli-early-2000s-multi-patchwork-print-mid-rise-jeanssize-large--284923113918975310/,Straight jeans Roberto Cavalli Multicolour size 27 US in ...,https://www.vestiairecollective.com/women-clothing/jeans/roberto-cavalli/multicolour-cotton-roberto-cavalli-jeans-44165812.shtml,https://d.uguu.se/kBvENyCb.jpg
AM-PA-0047,Roberto Cavalli,Garment,S,270,2000 SS Runway Roberto Cavalli White Zebra Print Garment,425,1028,2000s (Runway),Roberto Cavalli Runway Spring / Summer 2000,Found 42 Cavalli visual matches,Straight jeans Roberto Cavalli White size 40 FR in Cotton ...,https://us.vestiairecollective.com/women-clothing/jeans/roberto-cavalli/white-cotton-elasthane-roberto-cavalli-jeans-40775934.shtml,Pantaloni Roberto cavalli in Cotone Altro taglia S ...,https://it.vestiairecollective.com/donna-abbigliamento/pantaloni/roberto-cavalli/pantaloni-roberto-cavalli-altro-cotone-43740192.shtml,https://d.uguu.se/fJAhUcRN.jpg
AM-GIA-0011,Just Cavalli,Garment,S,70,2000s Just Cavalli Cotton Blend Black Animal Print Garment,1047,1995,2000s,,Found 22 Cavalli visual matches,"Just Cavalli Printed Scoop Neck Top - Black Tops, Clothing ...",https://www.therealreal.com/products/women/clothing/tops/just-cavalli-printed-scoop-neck-top-utzfs,"Traje Just Cavalli, Animal Print ,importado Italia.original ...",https://www.mercadolibre.com.ar/traje-just-cavalli-animal-print-importado-italiaoriginal/up/MLAU147021793,https://h.uguu.se/nTrHltDP.jpg
AM-GIA-0002,Just Cavalli,Garment,L,70,2000s Just Cavalli Cotton Blend Tattoo Print Garment,245,420,2000s,,Found 3 Cavalli visual matches,ROBERTO CAVALLI Tattoo Print Runway Collection Denim ...,https://www.ebay.com/itm/185793440876,Vintage Just Cavalli Women Cropped Denim Multicolour ...,https://www.ebay.com/itm/358402894781,https://n.uguu.se/DhBfssdZ.jpg
AM-GIA-0009,Just Cavalli,Garment,S,70,2000s Just Cavalli Cotton Blend Brown Animal Print Garment,192,192,2000s,,Found 10 Cavalli visual matches,Roberto Cavalli Denim Jacket Leopard Animal Print Size S 90s ...,https://www.etsy.com/listing/4323654948/roberto-cavalli-denim-jacket-leopard,Just Cavalli Brown Animal Printed Denim Button Front Blazer ...,https://www.ebay.com/itm/404915550101,https://d.uguu.se/abWbUgvB.jpg
AM-GIA-0012,Just Cavalli,Garment,L,70,2000s Just Cavalli Cotton Blend Garment,1750,1750,2000s,,Found 3 Cavalli visual matches,Rare Early 2000s Y2K Roberto Cavalli Two Piece Set... | Depop,https://www.depop.com/products/lecoupdefoudrevintage-rare-early-2000s-y2k-roberto-fa37/?pla_feed=US,Chaqueta Elástica Full Print Just Cavalli S2004 Vintage - L ...,https://lostclothes022.com/products/chaqueta-elastica-full-print-just-cavalli-s2004-vintage-s,https://d.uguu.se/rNFDkpMZ.jpg
AM-CO-0197,Just Cavalli,Garment,XS,70,2000s Just Cavalli Cotton Blend Brown Floral Garment,245,420,2000s,"Top size M, shorts size S",Found 9 Cavalli visual matches,Roberto Cavalli Capris – Good Karma Vintage,https://goodkarmavintage.com/products/roberto-cavalli-capris,Vintage ROBERTO CAVALLI Jeans Pants Trousers Denim Printed ...,https://www.ebay.com/itm/403861949728,https://h.uguu.se/XOAZjqOh.jpg
AM-CO-0164,Just Cavalli,Garment,L,70,2000s Just Cavalli Cotton Blend White Floral Print Garment,77,467,2000s,"Skirt brand label missing. Top material viscose,",Found 6 Cavalli visual matches,Just Cavalli Vintage 2009 Skirt Set - Suits and Sets ...,https://www.therealreal.com/products/women/clothing/suits-and-sets/just-cavalli-vintage-2009-skirt-set-sszsp,JUST CAVALLI Flower Print Satin Pencil Skirt - Italy - BNWT ...,https://www.ebay.com/itm/224802250583,https://d.uguu.se/HDVAFZZR.jpg
AM-CO-0142,Just Cavalli,Garment,L,110,2000s Just Cavalli Cotton Blend Garment,1500,1500,2000s,Top size M but fits like an L. Composition label,Found 1 Cavalli visual matches,Roberto Cavalli Diamond Collection Dress 2001 – Rocoucou Vintage,https://rocoucou.com/products/roberto-cavalli-diamond-collection-dress-2001,,,https://n.uguu.se/QnmukuUC.jpg
AM-CO-0158,Just Cavalli,Garment,L,120,2000s Just Cavalli Cotton Blend Black Garment,420,720,2000s,,Found 2 Cavalli visual matches,Vintage S/S 2003 Roberto Cavalli Black Silk Chinoiserie ...,https://www.etsy.com/listing/4482099959/vintage-ss-2003-roberto-cavalli-black,vintage @roberto_cavalli dress of my dreams 🪶 (archival ...,https://www.instagram.com/p/DZkZmDojKpF/,https://h.uguu.se/TvHaNpug.jpg
AM-CO-0198,Just Cavalli,Garment,L,100,2000s Just Cavalli Cotton Blend Garment,2850,2850,2000s,Skirt material cotton - stretch top with cut,Found 4 Cavalli visual matches,Roberto Cavalli leo set – Exclusively available at our ...,https://www.instagram.com/p/Dcs5CRJiB5C/,SS 2003 Leopard And Chain Print Skirt – Justin Reed,https://justinreed.com/products/roberto-cavalli-ss-2003-leopard-and-chain-print-skirt,https://h.uguu.se/vPTAuwif.jpg
AM-CO-0200,Just Cavalli,Garment,L,115,2000s Just Cavalli Cotton Blend Black Floral Print Garment,310,2565,2000s,,Found 9 Cavalli visual matches,Roberto Cavalli Floral Print Halter Gown For Sale at 1stDibs,https://www.1stdibs.com/fashion/clothing/evening-dresses/roberto-cavalli-floral-print-halter-gown/id-v_21313612/,Roberto Cavalli Silk Dress - Etsy,https://www.etsy.com/market/roberto_cavalli_silk_dress,https://h.uguu.se/qdQoNVEV.jpg
AM-CO-0207,Roberto Cavalli,Garment,L,120,2001 FW Runway Roberto Cavalli Garment,420,720,2000s (Runway),Roberto Cavalli Runway Fall / Winter 2001 Top.,Found 4 Cavalli visual matches,Roberto Cavalli Top - Etsy,https://www.etsy.com/market/roberto_cavalli_top,Vintage S/S 2004 Y2K Roberto Cavalli Feather Print Halter ...,https://www.1stdibs.com/fashion/clothing/day-dresses/vintage-s-s-2004-y2k-roberto-cavalli-feather-print-halter-top-skirt-set-dress/id-v_26576152/,https://h.uguu.se/VRSOmEce.jpg
AM-CO-0180,Class Roberto Cavalli,Garment,XL,130,2000s Class Roberto Cavalli Cotton Blend Black Garment,455,780,2000s,T-shirt label missing,Found 3 Cavalli visual matches,Class Roberto Cavalli Dresses for Women | The RealReal,https://www.therealreal.com/designers/class-roberto-cavalli/women/clothing/dresses/long-sleeve,Roberto Cavalli Linen Printed Set - Black Suits and Sets ...,https://www.therealreal.com/products/women/clothing/suits-and-sets/roberto-cavalli-linen-printed-set-thd8o,https://d.uguu.se/midUTQye.jpg
AM-CO-0206,Just Cavalli,Garment,S,150,2000s Just Cavalli Cotton Blend Garment,525,900,2000s,,No exact Just Cavalli visual match found — needs manual QA,,,,,https://d.uguu.se/jrHkiOvJ.jpg
AM-CO-0210,Just Cavalli,Garment,S,150,2000s Just Cavalli Cotton Blend Animal Print Garment,233,4000,2000s,Top XL - Skirt S,Found 5 Cavalli visual matches,Roberto Cavalli Animal Print Midi Length Dress - Neutrals ...,https://www.therealreal.com/products/women/clothing/dresses/roberto-cavalli-animal-print-midi-length-dress-so9vt,ROBERTO CAVALLI S/S 2005 SEASHELL PRINT SILK MAXI DRESS SZ ...,https://www.ebay.com/itm/167358949339,https://h.uguu.se/ggxfwPut.jpg
AM-CO-0168,Roberto Cavalli,Garment,M,140,2000s Roberto Cavalli Cotton Blend Gold Animal Print Garment,83,3995,2000s,,Found 11 Cavalli visual matches,Just Cavalli Animal Print Mini Dress - Gold Dresses ...,https://www.therealreal.com/products/women/clothing/dresses/just-cavalli-animal-print-mini-dress-uhkum,Roberto Cavalli Printed Stretch Satin Mini Dress in Natural ...,https://www.lyst.com/clothing/roberto-cavalli-printed-stretch-satin-mini-dress/,https://h.uguu.se/mJDzCbQP.jpg
AM-CO-0203,Just Cavalli,Garment,L,160,2000s Just Cavalli Cotton Blend Blue Floral Garment,4150,4150,2000s,,Found 3 Cavalli visual matches,ROBERTO CAVALLI 2000 Blue Floral Morning Dew Dress (M) - EMERIEU,https://emerieu.com/produit/roberto-cavalli-2000-blue-floral-morning-dew-dress-m/,Just cavalli dress blue - Gem,https://gem.app/search?terms=Just cavalli dress blue,https://d.uguu.se/SwYGXfdZ.jpg
AM-CO-0183,Class Roberto Cavalli,Garment,S,150,2000s Class Roberto Cavalli Cotton Blend Garment,525,900,2000s,Skirt size S - Shirt size L. Shirt material in silk,No exact Class Roberto Cavalli visual match found — needs manual QA,,,,,https://h.uguu.se/wofmArfn.jpg
AM-CO-0157,Roberto Cavalli,Garment,L,160,2000s Roberto Cavalli Cotton Blend Garment,560,960,2000s,Three-piece set. Skirt label missing.,No exact Roberto Cavalli visual match found — needs manual QA,,,,,https://h.uguu.se/ArrycijD.jpg
AM-CO-0179,Just Cavalli,Garment,L,160,2000s Just Cavalli Cotton Blend Garment,560,960,2000s,,No exact Just Cavalli visual match found — needs manual QA,,,,,https://d.uguu.se/dcLgQiyT.jpg
AM-CO-0169,Roberto Cavalli,Garment,L,200,2000s Roberto Cavalli Cotton Blend Garment,700,1200,2000s,,No exact Roberto Cavalli visual match found — needs manual QA,,,,,https://n.uguu.se/GBooEPSr.jpg
AM-CO-0154,Just Cavalli,Garment,S,100,2000s Just Cavalli Cotton Blend Garment,350,600,2000s,Composition label cut,No exact Just Cavalli visual match found — needs manual QA,,,,,https://h.uguu.se/ssLBhUbh.jpg
AM-CO-0190,Just Cavalli,Garment,XL,160,2000s Just Cavalli Cotton Blend Garment,560,960,2000s,"Small mend on the left sleeve of the top,",No exact Just Cavalli visual match found — needs manual QA,,,,,https://d.uguu.se/gCcOJDYH.jpg
AM-CO-0181,Roberto Cavalli Freedom,Garment,M,140,2000s Roberto Cavalli Freedom Cotton Blend Garment,490,840,2000s,,No exact Roberto Cavalli Freedom visual match found — needs manual QA,,,,,https://n.uguu.se/rHujgTwb.jpg
AM-CO-0119,Just Cavalli,Garment,L,150,2000s Just Cavalli Cotton Blend Garment,525,900,2000s,Top 100% silk - silk chiffon skirt,No exact Just Cavalli visual match found — needs manual QA,,,,,https://h.uguu.se/asyYrltp.jpg
AM-CO-0192,Just Cavalli,Garment,M,180,2000s Just Cavalli Cotton Blend Garment,630,1080,2000s,,No exact Just Cavalli visual match found — needs manual QA,,,,,https://d.uguu.se/muAcysrG.jpg
AM-CO-0174,Just Cavalli,Garment,M,190,2000s Just Cavalli Cotton Blend Garment,665,1140,2000s,,No exact Just Cavalli visual match found — needs manual QA,,,,,https://h.uguu.se/XLPhjYqP.jpg
AM-CO-0153,Class Roberto Cavalli,Garment,M,180,2000s Class Roberto Cavalli Cotton Blend Tattoo Garment,180,8850,2000s,Very slight pulled thread on the back side of,Found 26 Cavalli visual matches,Roberto Cavalli sea sell printed dress | Depop,https://www.depop.com/products/munequitavintage-roberto-cavalli-sea-sell-printed/?pla_feed=US,Roberto Cavalli Leather Dresses for Women for sale | eBay,https://www.ebay.com/b/Roberto-Cavalli-Leather-Dresses-for-Women/63861/bn_6924104,https://d.uguu.se/FdBONKti.jpg
AM-CO-0151,Class Roberto Cavalli,Garment,L,190,2000s Class Roberto Cavalli Cotton Blend Garment,665,1140,2000s,The skirt has been resized to a size M,No exact Class Roberto Cavalli visual match found — needs manual QA,,,,,https://n.uguu.se/aaWcGDQG.jpg
AM-CO-0205,Roberto Cavalli,Garment,M,320,2003 SS Runway Roberto Cavalli Garment,1120,1920,2000s (Runway),Roberto Cavalli Runway Spring / Summer 2003,No exact Roberto Cavalli visual match found — needs manual QA,,,,,https://d.uguu.se/HWrEFTOF.jpg
AM-CO-0126,Just Cavalli,Garment,S,170,2000s Just Cavalli Cotton Blend Garment,595,1020,2000s,,No exact Just Cavalli visual match found — needs manual QA,,,,,https://n.uguu.se/yJjZYyNg.jpg
AM-CO-0089,Class Roberto Cavalli,Garment,M,150,2000s Class Roberto Cavalli Cotton Blend Garment,525,900,2000s,"Top size L, trousers size M",No exact Class Roberto Cavalli visual match found — needs manual QA,,,,,https://h.uguu.se/VyOtAGdW.jpg
AM-CO-0191,Just Cavalli,Garment,M,190,2000s Just Cavalli Cotton Blend Garment,665,1140,2000s,,No exact Just Cavalli visual match found — needs manual QA,,,,,https://n.uguu.se/RNtkNHCx.jpg
AM-CO-0028,Just Cavalli,Garment,XL,100,2000s Just Cavalli Cotton Blend Garment,350,600,2000s,,No exact Just Cavalli visual match found — needs manual QA,,,,,https://h.uguu.se/dhOpMAmP.jpg
AM-CO-0182,Roberto Cavalli,Jeans / Denim Pants,S,140,2000s Roberto Cavalli Cotton Denim / Jacquard Jeans,490,840,2000s,,No exact Roberto Cavalli visual match found — needs manual QA,,,,,https://d.uguu.se/NKjUotal.jpg
AM-CO-0077,Class Roberto Cavalli,Garment,M,140,2000s Class Roberto Cavalli Cotton Blend Garment,490,840,2000s,The trousers have a few pulled threads.,No exact Class Roberto Cavalli visual match found — needs manual QA,,,,,https://d.uguu.se/omZWogxN.jpg
AM-CO-0156,Just Cavalli,Garment,S,200,2000s Just Cavalli Cotton Blend Garment,700,1200,2000s,,No exact Just Cavalli visual match found — needs manual QA,,,,,https://n.uguu.se/VcUMOrUE.jpg
AM-CO-0204,Just Cavalli,Garment,S,170,2000s Just Cavalli Cotton Blend Garment,595,1020,2000s,,No exact Just Cavalli visual match found — needs manual QA,,,,,https://d.uguu.se/ELiShUUW.jpg
AM-CO-0019,Just Cavalli,Garment,XS,110,2000s Just Cavalli Cotton Blend Garment,385,660,2000s,"Trousers XS, top S",No exact Just Cavalli visual match found — needs manual QA,,,,,https://n.uguu.se/FouxEVnS.jpg
AM-CO-0031,Just Cavalli,Garment,S,100,2000s Just Cavalli Cotton Blend Garment,350,600,2000s,,No exact Just Cavalli visual match found — needs manual QA,,,,,https://n.uguu.se/jrRaLUvK.jpg
AM-CO-0201,Just Cavalli,Garment,S,170,2000s Just Cavalli Cotton Blend Garment,595,1020,2000s,"Top size M, trousers size S",No exact Just Cavalli visual match found — needs manual QA,,,,,https://h.uguu.se/hYhPtUWL.jpg
AM-CO-0155,Just Cavalli,Garment,M,120,2000s Just Cavalli Cotton Blend Black Floral Garment,210,210,2000s,,Found 10 Cavalli visual matches,Size 26 Flared AW2003 Cavalli Spiritual Astro Black & White ...,https://ventura-vintage.com/products/size-26-aw2003-cavalli-spiritual-astro-black-white-pants,Just Cavalli - 90's Bell Bottom Jeans/vintage Floral Bell ...,https://www.etsy.com/listing/838290850/just-cavalli-90s-bell-bottom,https://n.uguu.se/ONETmrNC.jpg
AM-CO-0058,Roberto Cavalli,Garment,XS,190,2000s Roberto Cavalli Cotton Blend Garment,665,1140,2000s,,No exact Roberto Cavalli visual match found — needs manual QA,,,,,https://h.uguu.se/HtMMqDfk.jpg
AM-CO-0061,Roberto Cavalli,Garment,M,200,2000s Roberto Cavalli Cotton Blend Garment,700,1200,2000s,,No exact Roberto Cavalli visual match found — needs manual QA,,,,,https://d.uguu.se/UmysvPEY.jpg
AM-CO-0067,Roberto Cavalli,Garment,L,200,2001 SS Runway Roberto Cavalli Garment,700,1200,2000s (Runway),Roberto Cavalli Runway Spring / Summer 2001,No exact Roberto Cavalli visual match found — needs manual QA,,,,,https://n.uguu.se/AquOYzYE.jpg
AM-CO-0073,Roberto Cavalli,Garment,S,145,2002 SS Runway Roberto Cavalli Garment,507,870,2000s (Runway),Roberto Cavalli Runway Spring / Summer 2002,No exact Roberto Cavalli visual match found — needs manual QA,,,,,https://n.uguu.se/SQHTbPiQ.jpg
AM-CO-0170,Roberto Cavalli,Garment,M,190,2000s Roberto Cavalli Cotton Blend Garment,665,1140,2000s,,No exact Roberto Cavalli visual match found — needs manual QA,,,,,https://h.uguu.se/mPNzpiOD.jpg
AM-CO-0066,Roberto Cavalli,Garment,L,200,2001 SS Runway Roberto Cavalli Garment,700,1200,2000s (Runway),Roberto Cavalli Runway Spring / Summer 2001,No exact Roberto Cavalli visual match found — needs manual QA,,,,,https://d.uguu.se/KXCLOPcO.jpg
AM-CO-0208,Roberto Cavalli,Garment,M,210,2001 SS Runway Roberto Cavalli Garment,735,1260,2000s (Runway),Roberto Cavalli Runway Spring / Summer 2001,No exact Roberto Cavalli visual match found — needs manual QA,,,,,https://n.uguu.se/UCbUyWLC.jpg
AM-CO-0166,Class Roberto Cavalli,Garment,S,120,2000s Class Roberto Cavalli Cotton Blend Garment,420,720,2000s,,No exact Class Roberto Cavalli visual match found — needs manual QA,,,,,https://h.uguu.se/gDCSnRYv.jpg
AM-CO-0026,Just Cavalli,Garment,L,150,2000s Just Cavalli Cotton Blend Garment,525,900,2000s,,No exact Just Cavalli visual match found — needs manual QA,,,,,https://h.uguu.se/lohdajEJ.jpg
AM-CO-0002,Just Cavalli,Garment,M,180,2000s Just Cavalli Cotton Blend Garment,630,1080,2000s,,Found 1 Cavalli visual matches,Two Vintage Roberto Cavalli Suits (Lot 1046 - Fashion & AccessoriesDec ...,https://www.lelandlittle.com/items/272561/two-vintage-roberto-cavalli-suits/,,,https://n.uguu.se/lSQuXvza.jpg
AM-SET-0002,Class Roberto Cavalli,Garment,L,65,2000s Class Roberto Cavalli Cotton Blend Garment,227,390,2000s,Cardigan features a small hole on the left side,No exact Class Roberto Cavalli visual match found — needs manual QA,,,,,https://d.uguu.se/LQfZJLtl.jpg
AM-SET-0001,Just Cavalli,Garment,L,140,2000s Just Cavalli Cotton Blend Garment,490,840,2000s,Small fit,No exact Just Cavalli visual match found — needs manual QA,,,,,https://h.uguu.se/vuZFxhmd.jpg
AM-SET-0003,Roberto Cavalli,Jeans / Denim Pants,L,90,2000s Roberto Cavalli Cotton Denim / Jacquard Jeans,315,540,2000s,,No exact Roberto Cavalli visual match found — needs manual QA,,,,,https://d.uguu.se/sJLeDoir.jpg
AM-CO-0171,Just Cavalli,Garment,XL,150,2000s Just Cavalli Cotton Blend Garment,525,900,2000s,,No exact Just Cavalli visual match found — needs manual QA,,,,,https://n.uguu.se/eeTKPmQT.jpg
AM-CO-0050,Just Cavalli,Garment,S,160,2000s Just Cavalli Cotton Blend Garment,560,960,2000s,,No exact Just Cavalli visual match found — needs manual QA,,,,,https://d.uguu.se/dLuQCRAV.jpg
AM-CO-0163,Just Cavalli,Garment,L,160,2000s Just Cavalli Cotton Blend Garment,560,960,2000s,Small defects on the front of the trousers,No exact Just Cavalli visual match found — needs manual QA,,,,,https://h.uguu.se/dZvbOlfK.jpg
AM-CO-0080,Roberto Cavalli,Jeans / Denim Pants,XL,110,2000s Roberto Cavalli Cotton Denim / Jacquard Jeans,385,660,2000s,Trousers 95% cotton - Cardigan 80% wool,No exact Roberto Cavalli visual match found — needs manual QA,,,,,https://n.uguu.se/cOcsXsFQ.jpg
AM-CO-0209,Just Cavalli,Garment,L,120,2000s Just Cavalli Cotton Blend Garment,420,720,2000s,,No exact Just Cavalli visual match found — needs manual QA,,,,,https://n.uguu.se/WwhcDSjn.jpg
AM-CO-0172,Just Cavalli,Garment,XS,130,2000s Just Cavalli Cotton Blend Garment,455,780,2000s,,No exact Just Cavalli visual match found — needs manual QA,,,,,https://h.uguu.se/ynCKDHya.jpg
AM-CO-0175,Just Cavalli,Garment,M,150,2000s Just Cavalli Cotton Blend Garment,525,900,2000s,,No exact Just Cavalli visual match found — needs manual QA,,,,,https://h.uguu.se/UYRjNOzR.jpg
AM-CO-0045,Just Cavalli,Garment,XS,120,2000s Just Cavalli Cotton Blend Garment,420,720,2000s,,No exact Just Cavalli visual match found — needs manual QA,,,,,https://n.uguu.se/CKqeElGN.jpg
AM-CO-0186,Just Cavalli,Garment,L,100,2000s Just Cavalli Cotton Blend Garment,350,600,2000s,Italian size 43 fit. 3rd jacket button (internal,No exact Just Cavalli visual match found — needs manual QA,,,,,https://d.uguu.se/WbvOTlfY.jpg
AM-CAM-0100,Dolce & Gabbana,Blouse / Camisole Top,L,50,2000s Dolce & Gabbana Silk / Viscose Blend Top,175,300,2000s,Top 100% silk,No exact Dolce & Gabbana visual match found — needs manual QA,,,,,https://d.uguu.se/NRNyYwni.jpg
AM-MAG-0006,Dolce & Gabbana,T-Shirt / Top,M,40,2000s Dolce & Gabbana Cotton Jersey Top,140,240,2000s,,No exact Dolce & Gabbana visual match found — needs manual QA,,,,,https://n.uguu.se/bopuWsbw.jpg
AM-BU-0001,Armani,Garment,S,55,2000s Armani Cotton Blend Garment,192,330,2000s,,No exact Armani visual match found — needs manual QA,,,,,https://h.uguu.se/fjKYyqGK.jpg
AM-CAM-0118,Fendi,Blouse / Camisole Top,M,40,2000s Fendi Silk / Viscose Blend Top,140,240,2000s,,No exact Fendi visual match found — needs manual QA,,,,,https://n.uguu.se/RThibnHX.jpg
AM-CAM-0105,Moschino,Blouse / Camisole Top,M,40,2000s Moschino Silk / Viscose Blend Top,140,240,2000s,,No exact Moschino visual match found — needs manual QA,,,,,https://d.uguu.se/rVyPlOwv.jpg
AM-CAM-0005,Versace,Blouse / Camisole Top,L,60,2000s Versace Silk / Viscose Blend Top,210,360,2000s,100% silk,No exact Versace visual match found — needs manual QA,,,,,https://n.uguu.se/jjGRssZi.jpg
AM-CAM-0036,Versace,Blouse / Camisole Top,M,60,2000s Versace Silk / Viscose Blend Top,210,360,2000s,,No exact Versace visual match found — needs manual QA,,,,,https://n.uguu.se/WkFLxMAW.jpg
AM-CAM-0033,Moschino,Blouse / Camisole Top,S,50,2000s Moschino Silk / Viscose Blend Top,175,300,2000s,,No exact Moschino visual match found — needs manual QA,,,,,https://h.uguu.se/BFhHweBJ.jpg
AM-MAG-0019,,T-Shirt / Top,L,40,2000s Cotton Jersey Top,140,240,2000s,Inner material viscose - Outer wall polyamide,No exact Cavalli visual match found — needs manual QA,,,,,https://d.uguu.se/JjJVZpkd.jpg
AM-GO-0056,Moschino,Jeans / Denim Pants,M,40,2000s Moschino Cotton Denim / Jacquard Jeans,140,240,2000s,,No exact Moschino visual match found — needs manual QA,,,,,https://h.uguu.se/dvlcbYRt.jpg
AM-GO-0050,,Garment,M,35,2000s Cotton Blend Garment,122,210,2000s,100% silk,No exact Cavalli visual match found — needs manual QA,,,,,https://d.uguu.se/eiYrREYE.jpg
AM-GO-0054,,Garment,M,25,2000s Cotton Blend Garment,87,150,2000s,100% silk,No exact Cavalli visual match found — needs manual QA,,,,,https://n.uguu.se/PlJOpwrQ.jpg
AM-GO-0039,,Garment,S,40,2000s Cotton Blend Garment,140,240,2000s,,No exact Cavalli visual match found — needs manual QA,,,,,https://h.uguu.se/FHtjAjjc.jpg
AM-GO-0023,Prada,Garment,S,55,2000s Prada Cotton Blend Garment,192,330,2000s,,No exact Prada visual match found — needs manual QA,,,,,https://d.uguu.se/LDqkuVGO.jpg
AM-GO-0032,,Garment,S,40,2000s Cotton Blend Garment,140,240,2000s,,No exact Cavalli visual match found — needs manual QA,,,,,https://n.uguu.se/dkqpXYSm.jpg
AM-GO-0066,,Garment,M,40,2000s Cotton Blend Garment,140,240,2000s,100% silk,No exact Cavalli visual match found — needs manual QA,,,,,https://h.uguu.se/xmyiUrWX.jpg
AM-PA-0054,,Garment,M,30,2000s Cotton Blend Garment,105,180,2000s,Fits like a loose S or a true M. Outer material,No exact Cavalli visual match found — needs manual QA,,,,,https://n.uguu.se/hPfUoxnC.jpg
AM-VE-0167,Dolce & Gabbana,Garment,S,60,2000s Dolce & Gabbana Cotton Blend Garment,210,360,2000s,,No exact Dolce & Gabbana visual match found — needs manual QA,,,,,https://d.uguu.se/sZnoDOje.jpg
AM-VE-0168,Dolce & Gabbana,Garment,S,60,2000s Dolce & Gabbana Cotton Blend Garment,210,360,2000s,,No exact Dolce & Gabbana visual match found — needs manual QA,,,,,https://n.uguu.se/qFnHvtuh.jpg
AM-VE-0150,,Garment,L,40,2000s Cotton Blend Garment,140,240,2000s,,No exact Cavalli visual match found — needs manual QA,,,,,https://h.uguu.se/UMGaYWfG.jpg
AM-VE-0179,,Garment,M,45,2000s Cotton Blend Garment,157,270,2000s,"100% silk, small pulled threads",No exact Cavalli visual match found — needs manual QA,,,,,https://d.uguu.se/XcLdaroD.jpg
AM-VE-0212,,Garment,M,50,2000s Cotton Blend Garment,175,300,2000s,,No exact Cavalli visual match found — needs manual QA,,,,,https://d.uguu.se/UsrzRlbA.jpg
AM-VE-0206,,Garment,M,45,2000s Cotton Blend Garment,157,270,2000s,"100% Silk. The bottom part has some tears,",No exact Cavalli visual match found — needs manual QA,,,,,https://n.uguu.se/eFosBzhv.jpg
AM-VE-0185,,Garment,XL,60,2000s Cotton Blend Garment,210,360,2000s,,No exact Cavalli visual match found — needs manual QA,,,,,https://n.uguu.se/LOlOcGcR.jpg
AM-VE-0188,Moschino,Garment,XL,65,2000s Moschino Cotton Blend Garment,227,390,2000s,Material 100% silk. Italian size 42 max 43,No exact Moschino visual match found — needs manual QA,,,,,https://n.uguu.se/FesDAUHv.jpg
AM-VE-0156,,Garment,M,50,2000s Cotton Blend Garment,175,300,2000s,100% silk,Found 1 Cavalli visual matches,Roberto Cavalli S/S 2003 Mini Dress Now In Stock | TikTok,https://www.tiktok.com/@raffevintage/video/7444349687437577502,,,https://h.uguu.se/ewdbBgTw.jpg
AM-VE-0213,,Garment,L,65,2000s Cotton Blend Garment,227,390,2000s,100% Silk. A few missing beads,No exact Cavalli visual match found — needs manual QA,,,,,https://d.uguu.se/CdHEKetj.jpg
AM-VE-0170,,Garment,S,30,2000s Cotton Blend Garment,105,180,2000s,Composition label cut,No exact Cavalli visual match found — needs manual QA,,,,,https://h.uguu.se/MiOdqLDq.jpg
AM-VE-0146,,Garment,S,75,2000s Cotton Blend Garment,262,450,2000s,Built-in internal bustier,No exact Cavalli visual match found — needs manual QA,,,,,https://d.uguu.se/wSyHijol.jpg
AM-VE-0114,,Garment,S,60,2000s Cotton Blend Yellow Embellished Garment,210,360,2000s,Vintage,Found 2 Cavalli visual matches,Roberto Cavalli Backless Vintage Yellow Fantasy Print Cross back maxi ...,https://www.1stdibs.com/fashion/clothing/day-dresses/roberto-cavalli-backless-vintage-yellow-fantasy-print-cross-back-maxi-dress/id-v_24280472/,Roberto Cavalli S/S 2004 Runway Embellished Plunging Button Up Mini ...,https://www.1stdibs.com/fashion/clothing/evening-dresses/roberto-cavalli-s-s-2004-runway-embellished-plunging-button-up-mini-shirt-dress/id-v_17096032/,https://n.uguu.se/yXucJqLi.jpg
AM-VE-0125,Emporio Armani,Garment,S,65,2000s Emporio Armani Cotton Blend Garment,227,390,2000s,,No exact Emporio Armani visual match found — needs manual QA,,,,,https://h.uguu.se/OMiWZAWF.jpg
AM-CO-0167,,Garment,L,65,2000s Cotton Blend Garment,227,390,2000s,,No exact Cavalli visual match found — needs manual QA,,,,,https://d.uguu.se/HHpWgZGX.jpg
AM-CO-0184,Moschino,Jeans / Denim Pants,L,70,2000s Moschino Cotton Denim / Jacquard Jeans,245,420,2000s,,No exact Moschino visual match found — needs manual QA,,,,,https://n.uguu.se/qJazTYXW.jpg
AM-VE-0038,Emporio Armani,Garment,L,60,2000s Emporio Armani Cotton Blend Garment,210,360,2000s,,No exact Emporio Armani visual match found — needs manual QA,,,,,https://h.uguu.se/FlptcFvQ.jpg
AM-CAP-0007,Prada,Garment,M,100,2000s Prada Cotton Blend Garment,350,600,2000s,,No exact Prada visual match found — needs manual QA,,,,,https://d.uguu.se/sOrcKkXv.jpg
AM-MAN-0001,,Garment,TU,90,2000s Cotton Blend Garment,315,540,2000s,Material 96% rabbit 4% raccoon,No exact Cavalli visual match found — needs manual QA,,,,,https://n.uguu.se/SroSdLoU.jpg
AM-PEL-0001,,Garment,S,110,2000s Cotton Blend Garment,385,660,2000s,Mink fur,No exact Cavalli visual match found — needs manual QA,,,,,https://d.uguu.se/HyagRaVW.jpg
AM-MO-0001,,Garment,S,140,2000s Cotton Blend Garment,490,840,2000s,Material: genuine sheep skin,No exact Cavalli visual match found — needs manual QA,,,,,https://d.uguu.se/bBThKOJe.jpg
AM-CAV-0001,Roberto Cavalli,Garment,L,200,2000s Roberto Cavalli Cotton Blend Garment,700,1200,2000s,Pony hair material,No exact Roberto Cavalli visual match found — needs manual QA,,,,,https://n.uguu.se/JCtsAZjr.jpg
AM-CAM-0112,Emanuel Ungaro,Blouse / Camisole Top,S,35,2000s Emanuel Ungaro Silk / Viscose Blend Top,122,210,2000s,,No exact Emanuel Ungaro visual match found — needs manual QA,,,,,https://n.uguu.se/fMMAMjQi.jpg
AM-CAM-0129,Armani Jeans,Blouse / Camisole Top,M,25,2000s Armani Jeans Silk / Viscose Blend Top,87,150,2000s,,No exact Armani Jeans visual match found — needs manual QA,,,,,https://d.uguu.se/TCTJElSj.jpg
AM-CAM-0110,Armani,Blouse / Camisole Top,M,25,2000s Armani Silk / Viscose Blend Top,87,150,2000s,,No exact Armani visual match found — needs manual QA,,,,,https://h.uguu.se/XXTwEuPq.jpg
AM-CAM-0066,Class Roberto Cavalli,Blouse / Camisole Top,L,35,2000s Class Roberto Cavalli Silk / Viscose Blend Blue Top,1056,1056,2000s,,Found 1 Cavalli visual matches,Roberto Cavalli leopard-print button-up Shirt | Blue | FARFETCH,https://www.farfetch.com/shopping/women/roberto-cavalli-leopard-print-button-up-shirt-item-30634052.aspx,,,https://n.uguu.se/UoFNudnR.jpg
AM-GO-0041,Class Roberto Cavalli,Garment,L,80,2000s Class Roberto Cavalli Cotton Blend Garment,280,480,2000s,,No exact Class Roberto Cavalli visual match found — needs manual QA,,,,,https://d.uguu.se/uTsKoFoZ.jpg
AM-VE-0180,Blumarine,Garment,S,50,2000s Blumarine Cotton Blend Garment,175,300,2000s,In 100% silk,No exact Blumarine visual match found — needs manual QA,,,,,https://h.uguu.se/cDAPBSyw.jpg
AM-VE-0079,,Garment,M,120,2000s Cotton Blend Garment,420,720,2000s,Givenchy Haute Couture Autumn/Winter 19992000. Trims in 100% silk.,No exact Cavalli visual match found — needs manual QA,,,,,https://h.uguu.se/zLauqBsh.jpg
AM-VE-0056,,Garment,L,70,2000s Cotton Blend Garment,245,420,2000s,In 100% linen,No exact Cavalli visual match found — needs manual QA,,,,,https://n.uguu.se/ftxePOEz.jpg
AM-CO-0160,Blumarine,Garment,L,70,2000s Blumarine Cotton Blend Garment,245,420,2000s,,No exact Blumarine visual match found — needs manual QA,,,,,https://d.uguu.se/WKKBRABB.jpg
AM-CO-0211,,Jeans / Denim Pants,S,80,2000s Cotton Denim / Jacquard Jeans,280,480,2000s,Kenzo Jeans 90s collection,No exact Cavalli visual match found — needs manual QA,,,,,https://n.uguu.se/bhZoYYlh.jpg
AM-CO-0187,Roberto Cavalli,Garment,S,300,2000s Roberto Cavalli Cotton Blend Garment,1050,1800,2000s,,No exact Roberto Cavalli visual match found — needs manual QA,,,,,https://h.uguu.se/XpuGjzYs.jpg
AM-CO-0068,Roberto Cavalli,Garment,S,180,2001 SS Runway Roberto Cavalli Garment,630,1080,2000s (Runway),Roberto Cavalli Runway Spring / Summer 2001,No exact Roberto Cavalli visual match found — needs manual QA,,,,,https://n.uguu.se/sCSfhoMG.jpg
