SKU,Brand,Item Type,Purchase Price (€),Shopify Title,Low Resale (),High Resale (),Era,Match Status,QA Listing 1,QA Listing 1 Title,QA Listing 2,QA Listing 2 Title,Photo CDN Link
AM-CAM-0079,Just Cavalli,Blouse / Camisole Top,25,2000s just cavalli silk blouse camisole top,140,220,2000s,Found 60 approved visual matches,https://www.etsy.com/listing/1789418574/roberto-cavalli-vintage-newspaper-shiny,Etsy (93) - Roberto Cavalli Newspaper Print Cami Top,https://www.zalando.ie/just-cavalli-top-multi-colored-zir01jf4z-001.html,Zalando Pre-Owned - Just Cavalli Printed Top,https://n.uguu.se/VVlQgedN.jpg
AM-MAG-0012,Just Cavalli,T-Shirt / Top,30,2000s just cavalli cotton t-shirt top,85,140,2000s,Found 59 approved visual matches,https://www.etsy.com/listing/1789492903/womens-y2k-just-cavalli-vintage-floral,Etsy (8) - Y2K Just Cavalli Floral Tee,https://www.therealreal.com/products/women/clothing/tops/just-cavalli-printed-scoop-neck-top-utzfs,The RealReal (5) - Just Cavalli Scoop Neck Top,https://n.uguu.se/EhDjwEwB.jpg
AM-MAG-0003,Just Cavalli,T-Shirt / Top,50,2000s just cavalli cotton t-shirt top,180,350,2000s,Found 60 approved visual matches,https://www.etsy.com/listing/1222812512/vintage-90s-just-cavalli-satin-halter,Etsy (79) - Vintage Just Cavalli Satin Halter Top,https://www.sweetdisordervintage.com/products/just-cavalli-y2k-mermaid-maxi-dress,"Sweet Disorder (,198) - Just Cavalli Snake Top",https://d.uguu.se/LvlZNHMM.jpg
AM-CAM-0121,Just Cavalli,Blouse / Camisole Top,35,2000s just cavalli beige embellished silk camisole top,180,280,2000s,Found 59 approved visual matches,https://poshmark.com/listing/Roberto-Cavalli-Nude-Beige-Crystals-Embellished-Stretch-Sleeveless-Top-size-S-62f9ebe9c5df6c16eab8eeb0,Poshmark (60) - Roberto Cavalli Embellished Nude Top,https://www.robertocavalli.com/en-pt/women/ready-to-wear/tops/gold-sequin-top--WQT607-FT014-01000.html,Cavalli Vault - Gold Sequin Top,https://d.uguu.se/uYhicteF.jpg
AM-MAG-0010,Just Cavalli,T-Shirt / Top,40,2000s just cavalli zebra print cotton t-shirt top,190,380,2000s,Found 54 approved visual matches,https://www.etsy.com/listing/1645546152/vintage-90s-just-cavalli-tiger-top,Etsy (99) - Vintage 90s Just Cavalli Zebra/Tiger Top,https://www.instagram.com/p/DZpRyiLDJZX/,Instagram Archive - SS2002 Just Cavalli Zebra Top,https://n.uguu.se/HNZMAhoQ.jpg
AM-CAM-0130,Just Cavalli,Blouse / Camisole Top,30,2000s just cavalli animal floral print silk camisole top,150,250,2000s,Found 59 approved visual matches,https://www.etsy.com/listing/1449763390/roberto-cavalli-mesh-transparent-sheer,Etsy (20) - Roberto Cavalli Sheer Floral Print Top,https://www.ebay.com/itm/135694330839,eBay (60) - Just Cavalli Floral Graphic Top,https://d.uguu.se/sFnhlNzr.jpg
AM-CAM-0132,Just Cavalli,Blouse / Camisole Top,35,2000s just cavalli crop silk tank top,135,210,2000s,Found 57 approved visual matches,https://www.grailed.com/listings/101375129-just-cavalli-00-s-just-cavalli-crop-tank-top-archive,Grailed (75) - Just Cavalli 00s Crop Tank Top Archive,https://www.therealreal.com/products/women/clothing/tops/just-cavalli-patterned-plunge-neckline-top-w9f8h,The RealReal - Just Cavalli Plunge Neckline Top,https://h.uguu.se/GmqEFWdx.jpg
AM-CAM-0134,Class Roberto Cavalli,Blouse / Camisole Top,40,2000s class roberto cavalli silk blouse camisole top,160,260,2000s,Found 57 approved visual matches,https://empressvintage.com/products/roberto-cavalli-class-label-mesh-snakeskin-sheer-top,Empress Vintage (20) - Class Cavalli Snakeskin Sheer Top,https://www.ebay.com/itm/326447368320,eBay (80) - Class Roberto Cavalli Blue/Purple Mesh Top,https://h.uguu.se/mJFVEkBe.jpg
AM-MAG-0007,Roberto Cavalli Freedom,T-Shirt / Top,55,2000s roberto cavalli freedom cotton t-shirt top,175,280,2000s,Found 53 approved visual matches,https://www.therealreal.com/products/women/clothing/tops/roberto-cavalli-freedom-vintage-2000-s-top-vxjyu,The RealReal (85) - Roberto Cavalli Freedom Vintage Top,https://www.depop.com/products/lintagerie-incrediblely-rare-roberto-cavalli-freedom/,Depop (20) - Rare Roberto Cavalli Freedom Tank,https://h.uguu.se/CnUhXOCo.jpg
AM-MAG-0009,Roberto Cavalli,T-Shirt / Top,60,2000s roberto cavalli runway spring summer 2000 cotton t-shirt top,280,480,2000s (Runway S/S 2000),Found 55 approved visual matches,https://www.robertocavalli.com/es-az/archive-vault/mujer/ropa/camiseta-de-tirantes-con-monograma-rc--OOT60E-JD060-05051.html,Roberto Cavalli Vault - Monogram RC Archive Top,https://www.etsy.com/mx/listing/1660596037/camiseta-de-tirantes-de-malla-just,Etsy (00+) - Y2K Cavalli NOS Tattoo Mesh Tank,https://n.uguu.se/lbwhKiLH.jpg
